id;project;connector_type;t;delta_t;url;redirect_url;response_size;response_code;success;error
0;job;requests;1566396782.7351992;-0.263932466506958;https://data.police.uk/api/forces;https://data.police.uk/api/forces;2258;200;True;
1;job;requests;1566396789.3015397;-0.20383691787719727;https://data.police.uk/api/stops-force?force=avon-and-somerset&date=2018-04;https://data.police.uk/api/stops-force?force=avon-and-somerset&date=2018-04;335423;200;True;
2;job;requests;1566396790.0612962;-0.2038583755493164;https://data.police.uk/api/stops-force?force=avon-and-somerset&date=2018-05;https://data.police.uk/api/stops-force?force=avon-and-somerset&date=2018-05;378671;200;True;
3;job;requests;1566396790.8570156;-0.0879664421081543;https://data.police.uk/api/stops-force?force=avon-and-somerset&date=2018-06;https://data.police.uk/api/stops-force?force=avon-and-somerset&date=2018-06;332105;200;True;
4;job;requests;1566396791.5489676;-0.05187845230102539;https://data.police.uk/api/stops-force?force=bedfordshire&date=2018-04;https://data.police.uk/api/stops-force?force=bedfordshire&date=2018-04;79742;200;True;
5;job;requests;1566396792.1248198;-0.051880598068237305;https://data.police.uk/api/stops-force?force=bedfordshire&date=2018-05;https://data.police.uk/api/stops-force?force=bedfordshire&date=2018-05;75595;200;True;
6;job;requests;1566396792.7045665;-0.06795167922973633;https://data.police.uk/api/stops-force?force=bedfordshire&date=2018-06;https://data.police.uk/api/stops-force?force=bedfordshire&date=2018-06;63154;200;True;
7;job;requests;1566396793.3205183;-0.06385350227355957;https://data.police.uk/api/stops-force?force=cambridgeshire&date=2018-04;https://data.police.uk/api/stops-force?force=cambridgeshire&date=2018-04;64085;200;True;
8;job;requests;1566396793.9082315;-0.07997679710388184;https://data.police.uk/api/stops-force?force=cambridgeshire&date=2018-05;https://data.police.uk/api/stops-force?force=cambridgeshire&date=2018-05;94061;200;True;
9;job;requests;1566396794.5042133;-0.05585956573486328;https://data.police.uk/api/stops-force?force=cambridgeshire&date=2018-06;https://data.police.uk/api/stops-force?force=cambridgeshire&date=2018-06;67693;200;True;
10;job;requests;1566396795.100055;-0.05985903739929199;https://data.police.uk/api/stops-force?force=cheshire&date=2018-04;https://data.police.uk/api/stops-force?force=cheshire&date=2018-04;96585;200;True;
11;job;requests;1566396795.7117686;-0.05598640441894531;https://data.police.uk/api/stops-force?force=cheshire&date=2018-05;https://data.police.uk/api/stops-force?force=cheshire&date=2018-05;118989;200;True;
12;job;requests;1566396796.2837663;-0.05598020553588867;https://data.police.uk/api/stops-force?force=cheshire&date=2018-06;https://data.police.uk/api/stops-force?force=cheshire&date=2018-06;102205;200;True;
13;job;requests;1566396796.875477;-0.04799675941467285;https://data.police.uk/api/stops-force?force=city-of-london&date=2018-04;https://data.police.uk/api/stops-force?force=city-of-london&date=2018-04;68573;200;True;
14;job;requests;1566396797.4553301;-0.07601189613342285;https://data.police.uk/api/stops-force?force=city-of-london&date=2018-05;https://data.police.uk/api/stops-force?force=city-of-london&date=2018-05;75605;200;True;
15;job;requests;1566396798.055321;-0.05591154098510742;https://data.police.uk/api/stops-force?force=city-of-london&date=2018-06;https://data.police.uk/api/stops-force?force=city-of-london&date=2018-06;57777;200;True;
16;job;requests;1566396798.631167;-0.05185270309448242;https://data.police.uk/api/stops-force?force=cleveland&date=2018-04;https://data.police.uk/api/stops-force?force=cleveland&date=2018-04;38346;200;True;
17;job;requests;1566396799.215023;-0.05187845230102539;https://data.police.uk/api/stops-force?force=cleveland&date=2018-05;https://data.police.uk/api/stops-force?force=cleveland&date=2018-05;62499;200;True;
18;job;requests;1566396799.7868307;-0.0519261360168457;https://data.police.uk/api/stops-force?force=cleveland&date=2018-06;https://data.police.uk/api/stops-force?force=cleveland&date=2018-06;48871;200;True;
19;job;requests;1566396800.36273;-0.07587552070617676;https://data.police.uk/api/stops-force?force=cumbria&date=2018-04;https://data.police.uk/api/stops-force?force=cumbria&date=2018-04;80901;200;True;
20;job;requests;1566396800.96245;-0.05201363563537598;https://data.police.uk/api/stops-force?force=cumbria&date=2018-05;https://data.police.uk/api/stops-force?force=cumbria&date=2018-05;77230;200;True;
21;job;requests;1566396801.5384345;-0.05187821388244629;https://data.police.uk/api/stops-force?force=cumbria&date=2018-06;https://data.police.uk/api/stops-force?force=cumbria&date=2018-06;90228;200;True;
22;job;requests;1566396802.1182218;-0.05591106414794922;https://data.police.uk/api/stops-force?force=derbyshire&date=2018-04;https://data.police.uk/api/stops-force?force=derbyshire&date=2018-04;100337;200;True;
23;job;requests;1566396802.706132;-0.0479433536529541;https://data.police.uk/api/stops-force?force=derbyshire&date=2018-05;https://data.police.uk/api/stops-force?force=derbyshire&date=2018-05;86795;200;True;
24;job;requests;1566396803.2819922;-0.05184650421142578;https://data.police.uk/api/stops-force?force=derbyshire&date=2018-06;https://data.police.uk/api/stops-force?force=derbyshire&date=2018-06;99628;200;True;
25;job;requests;1566396803.8658438;-0.04784893989562988;https://data.police.uk/api/stops-force?force=devon-and-cornwall&date=2018-04;https://data.police.uk/api/stops-force?force=devon-and-cornwall&date=2018-04;2;200;True;
26;job;requests;1566396804.4177034;-0.04388594627380371;https://data.police.uk/api/stops-force?force=devon-and-cornwall&date=2018-05;https://data.police.uk/api/stops-force?force=devon-and-cornwall&date=2018-05;2;200;True;
27;job;requests;1566396804.9695644;-0.04788088798522949;https://data.police.uk/api/stops-force?force=devon-and-cornwall&date=2018-06;https://data.police.uk/api/stops-force?force=devon-and-cornwall&date=2018-06;2;200;True;
28;job;requests;1566396805.5332804;-0.059984683990478516;https://data.police.uk/api/stops-force?force=dorset&date=2018-04;https://data.police.uk/api/stops-force?force=dorset&date=2018-04;134085;200;True;
29;job;requests;1566396806.1331263;-0.048004150390625;https://data.police.uk/api/stops-force?force=dorset&date=2018-05;https://data.police.uk/api/stops-force?force=dorset&date=2018-05;120624;200;True;
30;job;requests;1566396806.7129831;-0.056015968322753906;https://data.police.uk/api/stops-force?force=dorset&date=2018-06;https://data.police.uk/api/stops-force?force=dorset&date=2018-06;108528;200;True;
31;job;requests;1566396807.3049607;-0.05185747146606445;https://data.police.uk/api/stops-force?force=durham&date=2018-04;https://data.police.uk/api/stops-force?force=durham&date=2018-04;83472;200;True;
32;job;requests;1566396807.8886826;-0.05599474906921387;https://data.police.uk/api/stops-force?force=durham&date=2018-05;https://data.police.uk/api/stops-force?force=durham&date=2018-05;78728;200;True;
33;job;requests;1566396808.4806628;-0.05586433410644531;https://data.police.uk/api/stops-force?force=durham&date=2018-06;https://data.police.uk/api/stops-force?force=durham&date=2018-06;101860;200;True;
34;job;requests;1566396809.0764177;-0.07594466209411621;https://data.police.uk/api/stops-force?force=dyfed-powys&date=2018-04;https://data.police.uk/api/stops-force?force=dyfed-powys&date=2018-04;186248;200;True;
35;job;requests;1566396809.6923654;-0.059876203536987305;https://data.police.uk/api/stops-force?force=dyfed-powys&date=2018-05;https://data.police.uk/api/stops-force?force=dyfed-powys&date=2018-05;140957;200;True;
36;job;requests;1566396810.28821;-0.05188298225402832;https://data.police.uk/api/stops-force?force=dyfed-powys&date=2018-06;https://data.police.uk/api/stops-force?force=dyfed-powys&date=2018-06;136251;200;True;
37;job;requests;1566396810.8760605;-0.05988192558288574;https://data.police.uk/api/stops-force?force=essex&date=2018-04;https://data.police.uk/api/stops-force?force=essex&date=2018-04;228379;200;True;
38;job;requests;1566396811.4839096;-0.059877872467041016;https://data.police.uk/api/stops-force?force=essex&date=2018-05;https://data.police.uk/api/stops-force?force=essex&date=2018-05;288069;200;True;
39;job;requests;1566396812.1077538;-0.06787419319152832;https://data.police.uk/api/stops-force?force=essex&date=2018-06;https://data.police.uk/api/stops-force?force=essex&date=2018-06;294686;200;True;
40;job;requests;1566396812.7235947;-0.0518803596496582;https://data.police.uk/api/stops-force?force=gloucestershire&date=2018-04;https://data.police.uk/api/stops-force?force=gloucestershire&date=2018-04;57335;200;True;
41;job;requests;1566396813.2994473;-0.5717282295227051;https://data.police.uk/api/stops-force?force=gloucestershire&date=2018-05;https://data.police.uk/api/stops-force?force=gloucestershire&date=2018-05;106670;200;True;
42;job;requests;1566396814.403163;-0.05188703536987305;https://data.police.uk/api/stops-force?force=gloucestershire&date=2018-06;https://data.police.uk/api/stops-force?force=gloucestershire&date=2018-06;78067;200;True;
43;job;requests;1566396814.9830143;-0.055886030197143555;https://data.police.uk/api/stops-force?force=greater-manchester&date=2018-04;https://data.police.uk/api/stops-force?force=greater-manchester&date=2018-04;167393;200;True;
44;job;requests;1566396815.578873;-0.05587625503540039;https://data.police.uk/api/stops-force?force=greater-manchester&date=2018-05;https://data.police.uk/api/stops-force?force=greater-manchester&date=2018-05;160854;200;True;
45;job;requests;1566396816.1707218;-0.06387710571289062;https://data.police.uk/api/stops-force?force=greater-manchester&date=2018-06;https://data.police.uk/api/stops-force?force=greater-manchester&date=2018-06;197149;200;True;
46;job;requests;1566396816.7825184;-0.047928810119628906;https://data.police.uk/api/stops-force?force=gwent&date=2018-04;https://data.police.uk/api/stops-force?force=gwent&date=2018-04;41626;200;True;
47;job;requests;1566396817.3503747;-0.05203390121459961;https://data.police.uk/api/stops-force?force=gwent&date=2018-05;https://data.police.uk/api/stops-force?force=gwent&date=2018-05;70731;200;True;
48;job;requests;1566396817.9302714;-0.051850080490112305;https://data.police.uk/api/stops-force?force=gwent&date=2018-06;https://data.police.uk/api/stops-force?force=gwent&date=2018-06;46586;200;True;
49;job;requests;1566396818.50613;-0.07587265968322754;https://data.police.uk/api/stops-force?force=hampshire&date=2018-04;https://data.police.uk/api/stops-force?force=hampshire&date=2018-04;486559;200;True;
50;job;requests;1566396819.1459622;-0.07587814331054688;https://data.police.uk/api/stops-force?force=hampshire&date=2018-05;https://data.police.uk/api/stops-force?force=hampshire&date=2018-05;411866;200;True;
51;job;requests;1566396819.7818074;-0.06787252426147461;https://data.police.uk/api/stops-force?force=hampshire&date=2018-06;https://data.police.uk/api/stops-force?force=hampshire&date=2018-06;445580;200;True;
52;job;requests;1566396820.417646;-0.0638735294342041;https://data.police.uk/api/stops-force?force=hertfordshire&date=2018-04;https://data.police.uk/api/stops-force?force=hertfordshire&date=2018-04;372094;200;True;
53;job;requests;1566396821.0454817;-0.09587264060974121;https://data.police.uk/api/stops-force?force=hertfordshire&date=2018-05;https://data.police.uk/api/stops-force?force=hertfordshire&date=2018-05;424977;200;True;
54;job;requests;1566396821.7051775;-0.07601261138916016;https://data.police.uk/api/stops-force?force=hertfordshire&date=2018-06;https://data.police.uk/api/stops-force?force=hertfordshire&date=2018-06;304567;200;True;
55;job;requests;1566396822.3411584;-0.05984306335449219;https://data.police.uk/api/stops-force?force=humberside&date=2018-04;https://data.police.uk/api/stops-force?force=humberside&date=2018-04;81919;200;True;
56;job;requests;1566396822.9290082;-0.051877737045288086;https://data.police.uk/api/stops-force?force=humberside&date=2018-05;https://data.police.uk/api/stops-force?force=humberside&date=2018-05;64783;200;True;
57;job;requests;1566396823.5048573;-0.05188345909118652;https://data.police.uk/api/stops-force?force=humberside&date=2018-06;https://data.police.uk/api/stops-force?force=humberside&date=2018-06;74956;200;True;
58;job;requests;1566396824.0847087;-0.07587909698486328;https://data.police.uk/api/stops-force?force=kent&date=2018-04;https://data.police.uk/api/stops-force?force=kent&date=2018-04;381180;200;True;
59;job;requests;1566396824.7125494;-0.07188010215759277;https://data.police.uk/api/stops-force?force=kent&date=2018-05;https://data.police.uk/api/stops-force?force=kent&date=2018-05;302631;200;True;
60;job;requests;1566396825.3283987;-0.07987284660339355;https://data.police.uk/api/stops-force?force=kent&date=2018-06;https://data.police.uk/api/stops-force?force=kent&date=2018-06;329741;200;True;
61;job;requests;1566396825.9602304;-0.07188177108764648;https://data.police.uk/api/stops-force?force=lancashire&date=2018-04;https://data.police.uk/api/stops-force?force=lancashire&date=2018-04;212387;200;True;
62;job;requests;1566396826.5760827;-0.07187294960021973;https://data.police.uk/api/stops-force?force=lancashire&date=2018-05;https://data.police.uk/api/stops-force?force=lancashire&date=2018-05;195328;200;True;
63;job;requests;1566396827.1839235;-0.5157442092895508;https://data.police.uk/api/stops-force?force=lancashire&date=2018-06;https://data.police.uk/api/stops-force?force=lancashire&date=2018-06;176780;200;True;
64;job;requests;1566396828.2436097;-0.47981977462768555;https://data.police.uk/api/stops-force?force=leicestershire&date=2018-04;https://data.police.uk/api/stops-force?force=leicestershire&date=2018-04;127406;200;True;
65;job;requests;1566396829.2594035;-0.38379406929016113;https://data.police.uk/api/stops-force?force=leicestershire&date=2018-05;https://data.police.uk/api/stops-force?force=leicestershire&date=2018-05;167825;200;True;
66;job;requests;1566396830.1791687;-0.4918689727783203;https://data.police.uk/api/stops-force?force=leicestershire&date=2018-06;https://data.police.uk/api/stops-force?force=leicestershire&date=2018-06;160725;200;True;
67;job;requests;1566396831.214907;-0.47177648544311523;https://data.police.uk/api/stops-force?force=lincolnshire&date=2018-04;https://data.police.uk/api/stops-force?force=lincolnshire&date=2018-04;2;200;True;
68;job;requests;1566396832.1945493;-0.5198385715484619;https://data.police.uk/api/stops-force?force=lincolnshire&date=2018-05;https://data.police.uk/api/stops-force?force=lincolnshire&date=2018-05;2;200;True;
69;job;requests;1566396833.2183936;-0.4157905578613281;https://data.police.uk/api/stops-force?force=lincolnshire&date=2018-06;https://data.police.uk/api/stops-force?force=lincolnshire&date=2018-06;2;200;True;
70;job;requests;1566396834.1421628;-0.5637519359588623;https://data.police.uk/api/stops-force?force=merseyside&date=2018-04;https://data.police.uk/api/stops-force?force=merseyside&date=2018-04;874169;200;True;
71;job;requests;1566396835.29787;-0.5077621936798096;https://data.police.uk/api/stops-force?force=merseyside&date=2018-05;https://data.police.uk/api/stops-force?force=merseyside&date=2018-05;995087;200;True;
72;job;requests;1566396836.4135385;-0.8237118721008301;https://data.police.uk/api/stops-force?force=merseyside&date=2018-06;https://data.police.uk/api/stops-force?force=merseyside&date=2018-06;1028293;200;True;
73;job;requests;1566396837.865209;-29.8323016166687;https://data.police.uk/api/stops-force?force=metropolitan&date=2018-04;https://data.police.uk/api/stops-force?force=metropolitan&date=2018-04;8885118;200;True;
74;job;requests;1566396868.8373666;-28.94851303100586;https://data.police.uk/api/stops-force?force=metropolitan&date=2018-05;https://data.police.uk/api/stops-force?force=metropolitan&date=2018-05;8510101;200;True;
75;job;requests;1566396898.7697663;-22.49109721183777;https://data.police.uk/api/stops-force?force=metropolitan&date=2018-06;https://data.police.uk/api/stops-force?force=metropolitan&date=2018-06;7271150;200;True;
76;job;requests;1566396922.2606108;-0.4679121971130371;https://data.police.uk/api/stops-force?force=norfolk&date=2018-04;https://data.police.uk/api/stops-force?force=norfolk&date=2018-04;107214;200;True;
77;job;requests;1566396923.2724931;-0.4797706604003906;https://data.police.uk/api/stops-force?force=norfolk&date=2018-05;https://data.police.uk/api/stops-force?force=norfolk&date=2018-05;151093;200;True;
78;job;requests;1566396924.2921014;-0.05598187446594238;https://data.police.uk/api/stops-force?force=norfolk&date=2018-06;https://data.police.uk/api/stops-force?force=norfolk&date=2018-06;141660;200;True;
79;job;requests;1566396924.8880806;-0.499739408493042;https://data.police.uk/api/stops-force?force=north-wales&date=2018-04;https://data.police.uk/api/stops-force?force=north-wales&date=2018-04;87680;200;True;
80;job;requests;1566396925.903826;-0.5077338218688965;https://data.police.uk/api/stops-force?force=north-wales&date=2018-05;https://data.police.uk/api/stops-force?force=north-wales&date=2018-05;88663;200;True;
81;job;requests;1566396926.943557;-0.3997635841369629;https://data.police.uk/api/stops-force?force=north-wales&date=2018-06;https://data.police.uk/api/stops-force?force=north-wales&date=2018-06;115414;200;True;
82;job;requests;1566396927.8873165;-0.05188488960266113;https://data.police.uk/api/stops-force?force=north-yorkshire&date=2018-04;https://data.police.uk/api/stops-force?force=north-yorkshire&date=2018-04;92496;200;True;
83;job;requests;1566396928.4671783;-0.5077285766601562;https://data.police.uk/api/stops-force?force=north-yorkshire&date=2018-05;https://data.police.uk/api/stops-force?force=north-yorkshire&date=2018-05;104193;200;True;
84;job;requests;1566396929.510909;-0.5917115211486816;https://data.police.uk/api/stops-force?force=north-yorkshire&date=2018-06;https://data.police.uk/api/stops-force?force=north-yorkshire&date=2018-06;107195;200;True;
85;job;requests;1566396930.638486;-0.8117918968200684;https://data.police.uk/api/stops-force?force=northamptonshire&date=2018-04;https://data.police.uk/api/stops-force?force=northamptonshire&date=2018-04;79376;200;True;
86;job;requests;1566396931.9782798;-0.4637460708618164;https://data.police.uk/api/stops-force?force=northamptonshire&date=2018-05;https://data.police.uk/api/stops-force?force=northamptonshire&date=2018-05;82697;200;True;
87;job;requests;1566396932.946035;-0.5317318439483643;https://data.police.uk/api/stops-force?force=northamptonshire&date=2018-06;https://data.police.uk/api/stops-force?force=northamptonshire&date=2018-06;62425;200;True;
88;job;requests;1566396934.00976;-0.4957749843597412;https://data.police.uk/api/stops-force?force=northumbria&date=2018-04;https://data.police.uk/api/stops-force?force=northumbria&date=2018-04;189184;200;True;
89;job;requests;1566396935.0495052;-0.47975635528564453;https://data.police.uk/api/stops-force?force=northumbria&date=2018-05;https://data.police.uk/api/stops-force?force=northumbria&date=2018-05;153457;200;True;
90;job;requests;1566396936.0692425;-0.4877443313598633;https://data.police.uk/api/stops-force?force=northumbria&date=2018-06;https://data.police.uk/api/stops-force?force=northumbria&date=2018-06;161206;200;True;
91;job;requests;1566396937.136835;-0.8038003444671631;https://data.police.uk/api/stops-force?force=nottinghamshire&date=2018-04;https://data.police.uk/api/stops-force?force=nottinghamshire&date=2018-04;74114;200;True;
92;job;requests;1566396938.4765065;-0.4640049934387207;https://data.police.uk/api/stops-force?force=nottinghamshire&date=2018-05;https://data.police.uk/api/stops-force?force=nottinghamshire&date=2018-05;122511;200;True;
93;job;requests;1566396939.4762533;-0.5638790130615234;https://data.police.uk/api/stops-force?force=nottinghamshire&date=2018-06;https://data.police.uk/api/stops-force?force=nottinghamshire&date=2018-06;146237;200;True;
94;job;requests;1566396940.5801024;-0.37176966667175293;https://data.police.uk/api/stops-force?force=northern-ireland&date=2018-04;https://data.police.uk/api/stops-force?force=northern-ireland&date=2018-04;2;200;True;
95;job;requests;1566396941.4598792;-0.4797403812408447;https://data.police.uk/api/stops-force?force=northern-ireland&date=2018-05;https://data.police.uk/api/stops-force?force=northern-ireland&date=2018-05;2;200;True;
96;job;requests;1566396942.4476287;-0.5517218112945557;https://data.police.uk/api/stops-force?force=northern-ireland&date=2018-06;https://data.police.uk/api/stops-force?force=northern-ireland&date=2018-06;2;200;True;
97;job;requests;1566396943.5113547;-0.5117383003234863;https://data.police.uk/api/stops-force?force=south-wales&date=2018-04;https://data.police.uk/api/stops-force?force=south-wales&date=2018-04;510389;200;True;
98;job;requests;1566396944.6030781;-0.9676196575164795;https://data.police.uk/api/stops-force?force=south-wales&date=2018-05;https://data.police.uk/api/stops-force?force=south-wales&date=2018-05;507021;200;True;
99;job;requests;1566396946.154647;-0.8596858978271484;https://data.police.uk/api/stops-force?force=south-wales&date=2018-06;https://data.police.uk/api/stops-force?force=south-wales&date=2018-06;576422;200;True;
100;job;requests;1566396947.6543083;-0.791668176651001;https://data.police.uk/api/stops-force?force=south-yorkshire&date=2018-04;https://data.police.uk/api/stops-force?force=south-yorkshire&date=2018-04;131807;200;True;
101;job;requests;1566396948.9619832;-0.4957282543182373;https://data.police.uk/api/stops-force?force=south-yorkshire&date=2018-05;https://data.police.uk/api/stops-force?force=south-yorkshire&date=2018-05;146569;200;True;
102;job;requests;1566396950.0055728;-0.05601859092712402;https://data.police.uk/api/stops-force?force=south-yorkshire&date=2018-06;https://data.police.uk/api/stops-force?force=south-yorkshire&date=2018-06;161672;200;True;
103;job;requests;1566396950.6055603;-0.06784319877624512;https://data.police.uk/api/stops-force?force=staffordshire&date=2018-04;https://data.police.uk/api/stops-force?force=staffordshire&date=2018-04;212327;200;True;
104;job;requests;1566396951.2292624;-0.1040048599243164;https://data.police.uk/api/stops-force?force=staffordshire&date=2018-05;https://data.police.uk/api/stops-force?force=staffordshire&date=2018-05;155883;200;True;
105;job;requests;1566396951.8971229;-0.05996394157409668;https://data.police.uk/api/stops-force?force=staffordshire&date=2018-06;https://data.police.uk/api/stops-force?force=staffordshire&date=2018-06;147671;200;True;
106;job;requests;1566396952.492943;-0.05601620674133301;https://data.police.uk/api/stops-force?force=suffolk&date=2018-04;https://data.police.uk/api/stops-force?force=suffolk&date=2018-04;64003;200;True;
107;job;requests;1566396953.0729349;-0.05987691879272461;https://data.police.uk/api/stops-force?force=suffolk&date=2018-05;https://data.police.uk/api/stops-force?force=suffolk&date=2018-05;109306;200;True;
108;job;requests;1566396953.660692;-0.055970191955566406;https://data.police.uk/api/stops-force?force=suffolk&date=2018-06;https://data.police.uk/api/stops-force?force=suffolk&date=2018-06;139991;200;True;
109;job;requests;1566396954.260495;-0.06798887252807617;https://data.police.uk/api/stops-force?force=surrey&date=2018-04;https://data.police.uk/api/stops-force?force=surrey&date=2018-04;279672;200;True;
110;job;requests;1566396954.8884664;-0.6117119789123535;https://data.police.uk/api/stops-force?force=surrey&date=2018-05;https://data.police.uk/api/stops-force?force=surrey&date=2018-05;313352;200;True;
111;job;requests;1566396956.0521681;-0.37978577613830566;https://data.police.uk/api/stops-force?force=surrey&date=2018-06;https://data.police.uk/api/stops-force?force=surrey&date=2018-06;269285;200;True;
112;job;requests;1566396957.0159261;-0.42376017570495605;https://data.police.uk/api/stops-force?force=sussex&date=2018-04;https://data.police.uk/api/stops-force?force=sussex&date=2018-04;645191;200;True;
113;job;requests;1566396958.0036335;-0.4678232669830322;https://data.police.uk/api/stops-force?force=sussex&date=2018-05;https://data.police.uk/api/stops-force?force=sussex&date=2018-05;332841;200;True;
114;job;requests;1566396959.019425;-0.4757709503173828;https://data.police.uk/api/stops-force?force=sussex&date=2018-06;https://data.police.uk/api/stops-force?force=sussex&date=2018-06;398243;200;True;
115;job;requests;1566396960.0750158;-0.8517885208129883;https://data.police.uk/api/stops-force?force=thames-valley&date=2018-04;https://data.police.uk/api/stops-force?force=thames-valley&date=2018-04;414021;200;True;
116;job;requests;1566396961.4906836;-0.5718338489532471;https://data.police.uk/api/stops-force?force=thames-valley&date=2018-05;https://data.police.uk/api/stops-force?force=thames-valley&date=2018-05;376795;200;True;
117;job;requests;1566396962.6183734;-0.4279348850250244;https://data.police.uk/api/stops-force?force=thames-valley&date=2018-06;https://data.police.uk/api/stops-force?force=thames-valley&date=2018-06;396201;200;True;
118;job;requests;1566396963.6181524;-0.4078953266143799;https://data.police.uk/api/stops-force?force=warwickshire&date=2018-04;https://data.police.uk/api/stops-force?force=warwickshire&date=2018-04;131040;200;True;
119;job;requests;1566396964.5579734;-0.5638985633850098;https://data.police.uk/api/stops-force?force=warwickshire&date=2018-05;https://data.police.uk/api/stops-force?force=warwickshire&date=2018-05;126286;200;True;
120;job;requests;1566396965.6577258;-0.39180445671081543;https://data.police.uk/api/stops-force?force=warwickshire&date=2018-06;https://data.police.uk/api/stops-force?force=warwickshire&date=2018-06;134308;200;True;
121;job;requests;1566396966.6023033;-0.4332714080810547;https://data.police.uk/api/stops-force?force=west-mercia&date=2018-04;https://data.police.uk/api/stops-force?force=west-mercia&date=2018-04;232540;200;True;
122;job;requests;1566396967.6174793;-0.47983860969543457;https://data.police.uk/api/stops-force?force=west-mercia&date=2018-05;https://data.police.uk/api/stops-force?force=west-mercia&date=2018-05;265424;200;True;
123;job;requests;1566396968.653191;-0.891730546951294;https://data.police.uk/api/stops-force?force=west-mercia&date=2018-06;https://data.police.uk/api/stops-force?force=west-mercia&date=2018-06;246640;200;True;
124;job;requests;1566396970.0927804;-0.48787760734558105;https://data.police.uk/api/stops-force?force=west-midlands&date=2018-04;https://data.police.uk/api/stops-force?force=west-midlands&date=2018-04;897631;200;True;
125;job;requests;1566396971.1805105;-0.9317636489868164;https://data.police.uk/api/stops-force?force=west-midlands&date=2018-05;https://data.police.uk/api/stops-force?force=west-midlands&date=2018-05;820979;200;True;
126;job;requests;1566396972.7441115;-0.9157676696777344;https://data.police.uk/api/stops-force?force=west-midlands&date=2018-06;https://data.police.uk/api/stops-force?force=west-midlands&date=2018-06;922778;200;True;
127;job;requests;1566396974.479795;-0.5917365550994873;https://data.police.uk/api/stops-force?force=west-yorkshire&date=2018-04;https://data.police.uk/api/stops-force?force=west-yorkshire&date=2018-04;458402;200;True;
128;job;requests;1566396975.6473749;-0.44388866424560547;https://data.police.uk/api/stops-force?force=west-yorkshire&date=2018-05;https://data.police.uk/api/stops-force?force=west-yorkshire&date=2018-05;477759;200;True;
129;job;requests;1566396976.715115;-0.9117915630340576;https://data.police.uk/api/stops-force?force=west-yorkshire&date=2018-06;https://data.police.uk/api/stops-force?force=west-yorkshire&date=2018-06;472229;200;True;
130;job;requests;1566396978.2387142;-0.7838053703308105;https://data.police.uk/api/stops-force?force=wiltshire&date=2018-04;https://data.police.uk/api/stops-force?force=wiltshire&date=2018-04;63632;200;True;
131;job;requests;1566396979.5543847;-0.5267322063446045;https://data.police.uk/api/stops-force?force=wiltshire&date=2018-05;https://data.police.uk/api/stops-force?force=wiltshire&date=2018-05;69435;200;True;
132;job;requests;1566396980.6089838;-0.49188709259033203;https://data.police.uk/api/stops-force?force=wiltshire&date=2018-06;https://data.police.uk/api/stops-force?force=wiltshire&date=2018-06;36292;200;True;
133;job;requests;1566397036.4909453;-0.07587456703186035;https://data.police.uk/api/stops-force?force=avon-and-somerset&date=2018-07;https://data.police.uk/api/stops-force?force=avon-and-somerset&date=2018-07;310623;200;True;
134;job;requests;1566397037.1266787;-0.10394525527954102;https://data.police.uk/api/stops-force?force=avon-and-somerset&date=2018-08;https://data.police.uk/api/stops-force?force=avon-and-somerset&date=2018-08;351057;200;True;
135;job;requests;1566397037.8064752;-0.09197449684143066;https://data.police.uk/api/stops-force?force=avon-and-somerset&date=2018-09;https://data.police.uk/api/stops-force?force=avon-and-somerset&date=2018-09;268321;200;True;
136;job;requests;1566397038.4384491;-0.06384849548339844;https://data.police.uk/api/stops-force?force=bedfordshire&date=2018-07;https://data.police.uk/api/stops-force?force=bedfordshire&date=2018-07;65341;200;True;
137;job;requests;1566397039.038174;-0.0799703598022461;https://data.police.uk/api/stops-force?force=bedfordshire&date=2018-08;https://data.police.uk/api/stops-force?force=bedfordshire&date=2018-08;105080;200;True;
138;job;requests;1566397039.6660042;-0.0800023078918457;https://data.police.uk/api/stops-force?force=bedfordshire&date=2018-09;https://data.police.uk/api/stops-force?force=bedfordshire&date=2018-09;130592;200;True;
139;job;requests;1566397040.3018646;-0.0999760627746582;https://data.police.uk/api/stops-force?force=cambridgeshire&date=2018-07;https://data.police.uk/api/stops-force?force=cambridgeshire&date=2018-07;59864;200;True;
140;job;requests;1566397040.9337068;-0.11594462394714355;https://data.police.uk/api/stops-force?force=cambridgeshire&date=2018-08;https://data.police.uk/api/stops-force?force=cambridgeshire&date=2018-08;80640;200;True;
141;job;requests;1566397041.573666;-0.09182929992675781;https://data.police.uk/api/stops-force?force=cambridgeshire&date=2018-09;https://data.police.uk/api/stops-force?force=cambridgeshire&date=2018-09;93522;200;True;
142;job;requests;1566397042.2013636;-0.06798267364501953;https://data.police.uk/api/stops-force?force=cheshire&date=2018-07;https://data.police.uk/api/stops-force?force=cheshire&date=2018-07;116213;200;True;
143;job;requests;1566397042.8172376;-0.06395387649536133;https://data.police.uk/api/stops-force?force=cheshire&date=2018-08;https://data.police.uk/api/stops-force?force=cheshire&date=2018-08;144427;200;True;
144;job;requests;1566397043.4291892;-0.18781590461730957;https://data.police.uk/api/stops-force?force=cheshire&date=2018-09;https://data.police.uk/api/stops-force?force=cheshire&date=2018-09;139174;200;True;
145;job;requests;1566397044.1608682;-0.06398296356201172;https://data.police.uk/api/stops-force?force=city-of-london&date=2018-07;https://data.police.uk/api/stops-force?force=city-of-london&date=2018-07;72001;200;True;
146;job;requests;1566397044.7447584;-0.05994009971618652;https://data.police.uk/api/stops-force?force=city-of-london&date=2018-08;https://data.police.uk/api/stops-force?force=city-of-london&date=2018-08;87411;200;True;
147;job;requests;1566397045.3285646;-0.051985979080200195;https://data.police.uk/api/stops-force?force=city-of-london&date=2018-09;https://data.police.uk/api/stops-force?force=city-of-london&date=2018-09;91976;200;True;
148;job;requests;1566397045.898621;-0.043859243392944336;https://data.police.uk/api/stops-force?force=cleveland&date=2018-07;https://data.police.uk/api/stops-force?force=cleveland&date=2018-07;32508;200;True;
149;job;requests;1566397046.474338;-0.05198478698730469;https://data.police.uk/api/stops-force?force=cleveland&date=2018-08;https://data.police.uk/api/stops-force?force=cleveland&date=2018-08;26412;200;True;
150;job;requests;1566397047.0303285;-0.04385876655578613;https://data.police.uk/api/stops-force?force=cleveland&date=2018-09;https://data.police.uk/api/stops-force?force=cleveland&date=2018-09;38757;200;True;
151;job;requests;1566397047.6140606;-0.047979116439819336;https://data.police.uk/api/stops-force?force=cumbria&date=2018-07;https://data.police.uk/api/stops-force?force=cumbria&date=2018-07;68796;200;True;
152;job;requests;1566397048.1980362;-0.04385519027709961;https://data.police.uk/api/stops-force?force=cumbria&date=2018-08;https://data.police.uk/api/stops-force?force=cumbria&date=2018-08;74211;200;True;
153;job;requests;1566397048.7697563;-0.04798531532287598;https://data.police.uk/api/stops-force?force=cumbria&date=2018-09;https://data.police.uk/api/stops-force?force=cumbria&date=2018-09;76101;200;True;
154;job;requests;1566397049.3376138;-0.0479884147644043;https://data.police.uk/api/stops-force?force=derbyshire&date=2018-07;https://data.police.uk/api/stops-force?force=derbyshire&date=2018-07;125429;200;True;
155;job;requests;1566397049.9335854;-0.04386448860168457;https://data.police.uk/api/stops-force?force=derbyshire&date=2018-08;https://data.police.uk/api/stops-force?force=derbyshire&date=2018-08;98107;200;True;
156;job;requests;1566397050.497317;-0.0439913272857666;https://data.police.uk/api/stops-force?force=derbyshire&date=2018-09;https://data.police.uk/api/stops-force?force=derbyshire&date=2018-09;78676;200;True;
157;job;requests;1566397051.053324;-0.04384326934814453;https://data.police.uk/api/stops-force?force=devon-and-cornwall&date=2018-07;https://data.police.uk/api/stops-force?force=devon-and-cornwall&date=2018-07;2;200;True;
158;job;requests;1566397051.6050577;-0.05596470832824707;https://data.police.uk/api/stops-force?force=devon-and-cornwall&date=2018-08;https://data.police.uk/api/stops-force?force=devon-and-cornwall&date=2018-08;2;200;True;
159;job;requests;1566397052.1689026;-0.044002532958984375;https://data.police.uk/api/stops-force?force=devon-and-cornwall&date=2018-09;https://data.police.uk/api/stops-force?force=devon-and-cornwall&date=2018-09;2;200;True;
160;job;requests;1566397052.7214062;-0.03999137878417969;https://data.police.uk/api/stops-force?force=dorset&date=2018-07;https://data.police.uk/api/stops-force?force=dorset&date=2018-07;125212;200;True;
161;job;requests;1566397053.2840261;-0.047979116439819336;https://data.police.uk/api/stops-force?force=dorset&date=2018-08;https://data.police.uk/api/stops-force?force=dorset&date=2018-08;98363;200;True;
162;job;requests;1566397053.8944397;-0.03754448890686035;https://data.police.uk/api/stops-force?force=dorset&date=2018-09;https://data.police.uk/api/stops-force?force=dorset&date=2018-09;117980;200;True;
163;job;requests;1566397054.4645576;-0.031328439712524414;https://data.police.uk/api/stops-force?force=durham&date=2018-07;https://data.police.uk/api/stops-force?force=durham&date=2018-07;97033;200;True;
164;job;requests;1566397055.0315428;-0.48029541969299316;https://data.police.uk/api/stops-force?force=durham&date=2018-08;https://data.police.uk/api/stops-force?force=durham&date=2018-08;96868;200;True;
165;job;requests;1566397056.0369308;-0.04800081253051758;https://data.police.uk/api/stops-force?force=durham&date=2018-09;https://data.police.uk/api/stops-force?force=durham&date=2018-09;121693;200;True;
166;job;requests;1566397056.6407552;-0.03125166893005371;https://data.police.uk/api/stops-force?force=dyfed-powys&date=2018-07;https://data.police.uk/api/stops-force?force=dyfed-powys&date=2018-07;109508;200;True;
167;job;requests;1566397057.2190144;-0.04398679733276367;https://data.police.uk/api/stops-force?force=dyfed-powys&date=2018-08;https://data.police.uk/api/stops-force?force=dyfed-powys&date=2018-08;139864;200;True;
168;job;requests;1566397057.801441;-0.035810232162475586;https://data.police.uk/api/stops-force?force=dyfed-powys&date=2018-09;https://data.police.uk/api/stops-force?force=dyfed-powys&date=2018-09;136400;200;True;
169;job;requests;1566397058.371339;-0.047864437103271484;https://data.police.uk/api/stops-force?force=essex&date=2018-07;https://data.police.uk/api/stops-force?force=essex&date=2018-07;339007;200;True;
170;job;requests;1566397058.9832866;-0.04797792434692383;https://data.police.uk/api/stops-force?force=essex&date=2018-08;https://data.police.uk/api/stops-force?force=essex&date=2018-08;345495;200;True;
171;job;requests;1566397059.5799859;-0.05199098587036133;https://data.police.uk/api/stops-force?force=essex&date=2018-09;https://data.police.uk/api/stops-force?force=essex&date=2018-09;391810;200;True;
172;job;requests;1566397060.2281537;-0.043853759765625;https://data.police.uk/api/stops-force?force=gloucestershire&date=2018-07;https://data.police.uk/api/stops-force?force=gloucestershire&date=2018-07;73697;200;True;
173;job;requests;1566397060.7986608;-0.4757568836212158;https://data.police.uk/api/stops-force?force=gloucestershire&date=2018-08;https://data.police.uk/api/stops-force?force=gloucestershire&date=2018-08;92748;200;True;
174;job;requests;1566397061.7902887;-0.043999433517456055;https://data.police.uk/api/stops-force?force=gloucestershire&date=2018-09;https://data.police.uk/api/stops-force?force=gloucestershire&date=2018-09;29847;200;True;
175;job;requests;1566397062.3549101;-0.13663578033447266;https://data.police.uk/api/stops-force?force=greater-manchester&date=2018-07;https://data.police.uk/api/stops-force?force=greater-manchester&date=2018-07;200938;200;True;
176;job;requests;1566397063.039511;-0.04407763481140137;https://data.police.uk/api/stops-force?force=greater-manchester&date=2018-08;https://data.police.uk/api/stops-force?force=greater-manchester&date=2018-08;239735;200;True;
177;job;requests;1566397063.6355803;-0.051856279373168945;https://data.police.uk/api/stops-force?force=greater-manchester&date=2018-09;https://data.police.uk/api/stops-force?force=greater-manchester&date=2018-09;254155;200;True;
178;job;requests;1566397064.2475243;-0.044116973876953125;https://data.police.uk/api/stops-force?force=gwent&date=2018-07;https://data.police.uk/api/stops-force?force=gwent&date=2018-07;48079;200;True;
179;job;requests;1566397064.8076658;-0.07189178466796875;https://data.police.uk/api/stops-force?force=gwent&date=2018-08;https://data.police.uk/api/stops-force?force=gwent&date=2018-08;58249;200;True;
180;job;requests;1566397065.4039109;-0.051988840103149414;https://data.police.uk/api/stops-force?force=gwent&date=2018-09;https://data.police.uk/api/stops-force?force=gwent&date=2018-09;219677;200;True;
181;job;requests;1566397066.0078974;-0.04785752296447754;https://data.police.uk/api/stops-force?force=hampshire&date=2018-07;https://data.police.uk/api/stops-force?force=hampshire&date=2018-07;382166;200;True;
182;job;requests;1566397066.62826;-0.04787921905517578;https://data.police.uk/api/stops-force?force=hampshire&date=2018-08;https://data.police.uk/api/stops-force?force=hampshire&date=2018-08;495486;200;True;
183;job;requests;1566397067.2405376;-0.047870635986328125;https://data.police.uk/api/stops-force?force=hampshire&date=2018-09;https://data.police.uk/api/stops-force?force=hampshire&date=2018-09;408410;200;True;
184;job;requests;1566397067.8532956;-0.44045042991638184;https://data.police.uk/api/stops-force?force=hertfordshire&date=2018-07;https://data.police.uk/api/stops-force?force=hertfordshire&date=2018-07;298180;200;True;
185;job;requests;1566397068.8426971;-0.047863006591796875;https://data.police.uk/api/stops-force?force=hertfordshire&date=2018-08;https://data.police.uk/api/stops-force?force=hertfordshire&date=2018-08;374618;200;True;
186;job;requests;1566397069.4593303;-0.04385638236999512;https://data.police.uk/api/stops-force?force=hertfordshire&date=2018-09;https://data.police.uk/api/stops-force?force=hertfordshire&date=2018-09;366472;200;True;
187;job;requests;1566397070.0675478;-0.043891191482543945;https://data.police.uk/api/stops-force?force=humberside&date=2018-07;https://data.police.uk/api/stops-force?force=humberside&date=2018-07;73360;200;True;
188;job;requests;1566397070.6354077;-0.043863534927368164;https://data.police.uk/api/stops-force?force=humberside&date=2018-08;https://data.police.uk/api/stops-force?force=humberside&date=2018-08;81075;200;True;
189;job;requests;1566397071.2034554;-0.04388022422790527;https://data.police.uk/api/stops-force?force=humberside&date=2018-09;https://data.police.uk/api/stops-force?force=humberside&date=2018-09;65130;200;True;
190;job;requests;1566397071.7753117;-0.047878265380859375;https://data.police.uk/api/stops-force?force=kent&date=2018-07;https://data.police.uk/api/stops-force?force=kent&date=2018-07;282560;200;True;
191;job;requests;1566397072.3751593;-0.05184817314147949;https://data.police.uk/api/stops-force?force=kent&date=2018-08;https://data.police.uk/api/stops-force?force=kent&date=2018-08;394623;200;True;
192;job;requests;1566397073.0069907;-0.047887563705444336;https://data.police.uk/api/stops-force?force=kent&date=2018-09;https://data.police.uk/api/stops-force?force=kent&date=2018-09;341596;200;True;
193;job;requests;1566397073.6229842;-0.04389810562133789;https://data.police.uk/api/stops-force?force=lancashire&date=2018-07;https://data.police.uk/api/stops-force?force=lancashire&date=2018-07;184056;200;True;
194;job;requests;1566397074.2068741;-0.04386019706726074;https://data.police.uk/api/stops-force?force=lancashire&date=2018-08;https://data.police.uk/api/stops-force?force=lancashire&date=2018-08;187666;200;True;
195;job;requests;1566397074.791348;-0.043878793716430664;https://data.police.uk/api/stops-force?force=lancashire&date=2018-09;https://data.police.uk/api/stops-force?force=lancashire&date=2018-09;195331;200;True;
196;job;requests;1566397075.375381;-0.04386019706726074;https://data.police.uk/api/stops-force?force=leicestershire&date=2018-07;https://data.police.uk/api/stops-force?force=leicestershire&date=2018-07;112999;200;True;
197;job;requests;1566397075.9478173;-0.04388236999511719;https://data.police.uk/api/stops-force?force=leicestershire&date=2018-08;https://data.police.uk/api/stops-force?force=leicestershire&date=2018-08;209622;200;True;
198;job;requests;1566397076.5317547;-0.08794450759887695;https://data.police.uk/api/stops-force?force=leicestershire&date=2018-09;https://data.police.uk/api/stops-force?force=leicestershire&date=2018-09;190311;200;True;
199;job;requests;1566397077.1596956;-0.044057607650756836;https://data.police.uk/api/stops-force?force=lincolnshire&date=2018-07;https://data.police.uk/api/stops-force?force=lincolnshire&date=2018-07;2;200;True;
200;job;requests;1566397077.704063;-0.0438990592956543;https://data.police.uk/api/stops-force?force=lincolnshire&date=2018-08;https://data.police.uk/api/stops-force?force=lincolnshire&date=2018-08;2;200;True;
201;job;requests;1566397078.2521586;-0.044078826904296875;https://data.police.uk/api/stops-force?force=lincolnshire&date=2018-09;https://data.police.uk/api/stops-force?force=lincolnshire&date=2018-09;2;200;True;
202;job;requests;1566397078.8046231;-0.05988335609436035;https://data.police.uk/api/stops-force?force=merseyside&date=2018-07;https://data.police.uk/api/stops-force?force=merseyside&date=2018-07;828368;200;True;
203;job;requests;1566397079.4444706;-0.06385111808776855;https://data.police.uk/api/stops-force?force=merseyside&date=2018-08;https://data.police.uk/api/stops-force?force=merseyside&date=2018-08;1125813;200;True;
204;job;requests;1566397080.1441545;-0.055983543395996094;https://data.police.uk/api/stops-force?force=merseyside&date=2018-09;https://data.police.uk/api/stops-force?force=merseyside&date=2018-09;1096481;200;True;
205;job;requests;1566397080.7763357;-23.83876347541809;https://data.police.uk/api/stops-force?force=metropolitan&date=2018-07;https://data.police.uk/api/stops-force?force=metropolitan&date=2018-07;6572839;200;True;
206;job;requests;1566397105.4166656;-30.000572443008423;https://data.police.uk/api/stops-force?force=metropolitan&date=2018-08;;0;;False;HTTPSConnectionPool(host='data.police.uk', port=443): Read timed out. (read timeout=30)
207;job;requests;1566397135.9185338;-30.605152130126953;https://data.police.uk/api/stops-force?force=metropolitan&date=2018-08;;0;;False;HTTPSConnectionPool(host='data.police.uk', port=443): Read timed out. (read timeout=30)
208;job;requests;1566397167.0253267;-30.162985801696777;https://data.police.uk/api/stops-force?force=metropolitan&date=2018-08;;0;;False;HTTPSConnectionPool(host='data.police.uk', port=443): Read timed out. (read timeout=30)
209;job;requests;1566397197.6898856;-0.4535942077636719;https://data.police.uk/api/stops-force?force=metropolitan&date=2018-08;https://data.police.uk/api/stops-force?force=metropolitan&date=2018-08;10542778;200;True;
210;job;requests;1566397199.1907868;-30.003132581710815;https://data.police.uk/api/stops-force?force=metropolitan&date=2018-09;;0;;False;HTTPSConnectionPool(host='data.police.uk', port=443): Read timed out. (read timeout=30)
211;job;requests;1566397229.6945472;-27.90414309501648;https://data.police.uk/api/stops-force?force=metropolitan&date=2018-09;https://data.police.uk/api/stops-force?force=metropolitan&date=2018-09;7989868;200;True;
212;job;requests;1566397258.6516042;-0.05203962326049805;https://data.police.uk/api/stops-force?force=norfolk&date=2018-07;https://data.police.uk/api/stops-force?force=norfolk&date=2018-07;187399;200;True;
213;job;requests;1566397259.2522209;-0.037770986557006836;https://data.police.uk/api/stops-force?force=norfolk&date=2018-08;https://data.police.uk/api/stops-force?force=norfolk&date=2018-08;155728;200;True;
214;job;requests;1566397259.8221776;-0.046871185302734375;https://data.police.uk/api/stops-force?force=norfolk&date=2018-09;https://data.police.uk/api/stops-force?force=norfolk&date=2018-09;157274;200;True;
215;job;requests;1566397260.3924394;-0.04691505432128906;https://data.police.uk/api/stops-force?force=north-wales&date=2018-07;https://data.police.uk/api/stops-force?force=north-wales&date=2018-07;79501;200;True;
216;job;requests;1566397260.9560544;-0.0531313419342041;https://data.police.uk/api/stops-force?force=north-wales&date=2018-08;https://data.police.uk/api/stops-force?force=north-wales&date=2018-08;94728;200;True;
217;job;requests;1566397261.5260968;-0.053408145904541016;https://data.police.uk/api/stops-force?force=north-wales&date=2018-09;https://data.police.uk/api/stops-force?force=north-wales&date=2018-09;57847;200;True;
218;job;requests;1566397262.0993931;-0.04687166213989258;https://data.police.uk/api/stops-force?force=north-yorkshire&date=2018-07;https://data.police.uk/api/stops-force?force=north-yorkshire&date=2018-07;109445;200;True;
219;job;requests;1566397262.6628487;-0.037774085998535156;https://data.police.uk/api/stops-force?force=north-yorkshire&date=2018-08;https://data.police.uk/api/stops-force?force=north-yorkshire&date=2018-08;120086;200;True;
220;job;requests;1566397263.217747;-0.04687333106994629;https://data.police.uk/api/stops-force?force=north-yorkshire&date=2018-09;https://data.police.uk/api/stops-force?force=north-yorkshire&date=2018-09;109366;200;True;
221;job;requests;1566397263.8029902;-0.03124690055847168;https://data.police.uk/api/stops-force?force=northamptonshire&date=2018-07;https://data.police.uk/api/stops-force?force=northamptonshire&date=2018-07;57957;200;True;
222;job;requests;1566397264.3611834;-0.04504680633544922;https://data.police.uk/api/stops-force?force=northamptonshire&date=2018-08;https://data.police.uk/api/stops-force?force=northamptonshire&date=2018-08;83674;200;True;
223;job;requests;1566397264.9407845;-0.04785275459289551;https://data.police.uk/api/stops-force?force=northamptonshire&date=2018-09;https://data.police.uk/api/stops-force?force=northamptonshire&date=2018-09;73970;200;True;
224;job;requests;1566397265.5166392;-0.03919339179992676;https://data.police.uk/api/stops-force?force=northumbria&date=2018-07;https://data.police.uk/api/stops-force?force=northumbria&date=2018-07;122518;200;True;
225;job;requests;1566397266.092088;-0.053057193756103516;https://data.police.uk/api/stops-force?force=northumbria&date=2018-08;https://data.police.uk/api/stops-force?force=northumbria&date=2018-08;147362;200;True;
226;job;requests;1566397266.6776168;-0.03811764717102051;https://data.police.uk/api/stops-force?force=northumbria&date=2018-09;https://data.police.uk/api/stops-force?force=northumbria&date=2018-09;176286;200;True;
227;job;requests;1566397267.2649374;-0.03772735595703125;https://data.police.uk/api/stops-force?force=nottinghamshire&date=2018-07;https://data.police.uk/api/stops-force?force=nottinghamshire&date=2018-07;173293;200;True;
228;job;requests;1566397267.867729;-0.5165574550628662;https://data.police.uk/api/stops-force?force=nottinghamshire&date=2018-08;https://data.police.uk/api/stops-force?force=nottinghamshire&date=2018-08;145138;200;True;
229;job;requests;1566397268.9231486;-0.4856996536254883;https://data.police.uk/api/stops-force?force=nottinghamshire&date=2018-09;https://data.police.uk/api/stops-force?force=nottinghamshire&date=2018-09;176418;200;True;
230;job;requests;1566397269.9250648;-0.04687142372131348;https://data.police.uk/api/stops-force?force=northern-ireland&date=2018-07;https://data.police.uk/api/stops-force?force=northern-ireland&date=2018-07;2;200;True;
231;job;requests;1566397270.4834862;-0.04404020309448242;https://data.police.uk/api/stops-force?force=northern-ireland&date=2018-08;https://data.police.uk/api/stops-force?force=northern-ireland&date=2018-08;2;200;True;
232;job;requests;1566397271.029563;-0.04867815971374512;https://data.police.uk/api/stops-force?force=northern-ireland&date=2018-09;https://data.police.uk/api/stops-force?force=northern-ireland&date=2018-09;2;200;True;
233;job;requests;1566397271.589507;-0.07587456703186035;https://data.police.uk/api/stops-force?force=south-wales&date=2018-07;https://data.police.uk/api/stops-force?force=south-wales&date=2018-07;552310;200;True;
234;job;requests;1566397272.2412024;-0.07998299598693848;https://data.police.uk/api/stops-force?force=south-wales&date=2018-08;https://data.police.uk/api/stops-force?force=south-wales&date=2018-08;553320;200;True;
235;job;requests;1566397272.90517;-4.404979705810547;https://data.police.uk/api/stops-force?force=south-wales&date=2018-09;https://data.police.uk/api/stops-force?force=south-wales&date=2018-09;1069539;200;True;
236;job;requests;1566397277.9402502;-0.03778815269470215;https://data.police.uk/api/stops-force?force=south-yorkshire&date=2018-07;https://data.police.uk/api/stops-force?force=south-yorkshire&date=2018-07;121056;200;True;
237;job;requests;1566397278.5111933;-0.050411224365234375;https://data.police.uk/api/stops-force?force=south-yorkshire&date=2018-08;https://data.police.uk/api/stops-force?force=south-yorkshire&date=2018-08;152569;200;True;
238;job;requests;1566397279.0813556;-0.1472330093383789;https://data.police.uk/api/stops-force?force=south-yorkshire&date=2018-09;https://data.police.uk/api/stops-force?force=south-yorkshire&date=2018-09;254080;200;True;
239;job;requests;1566397279.7857842;-0.05198526382446289;https://data.police.uk/api/stops-force?force=staffordshire&date=2018-07;https://data.police.uk/api/stops-force?force=staffordshire&date=2018-07;158276;200;True;
240;job;requests;1566397280.3800726;-0.05585885047912598;https://data.police.uk/api/stops-force?force=staffordshire&date=2018-08;https://data.police.uk/api/stops-force?force=staffordshire&date=2018-08;226082;200;True;
241;job;requests;1566397280.9927344;-0.046903133392333984;https://data.police.uk/api/stops-force?force=staffordshire&date=2018-09;https://data.police.uk/api/stops-force?force=staffordshire&date=2018-09;232537;200;True;
242;job;requests;1566397281.5788174;-0.0467379093170166;https://data.police.uk/api/stops-force?force=suffolk&date=2018-07;https://data.police.uk/api/stops-force?force=suffolk&date=2018-07;99513;200;True;
243;job;requests;1566397282.1584232;-0.05341219902038574;https://data.police.uk/api/stops-force?force=suffolk&date=2018-08;https://data.police.uk/api/stops-force?force=suffolk&date=2018-08;90271;200;True;
244;job;requests;1566397282.7286398;-0.055963754653930664;https://data.police.uk/api/stops-force?force=suffolk&date=2018-09;https://data.police.uk/api/stops-force?force=suffolk&date=2018-09;87790;200;True;
245;job;requests;1566397283.3124676;-0.0479884147644043;https://data.police.uk/api/stops-force?force=surrey&date=2018-07;https://data.police.uk/api/stops-force?force=surrey&date=2018-07;152888;200;True;
246;job;requests;1566397283.8871114;-0.05340933799743652;https://data.police.uk/api/stops-force?force=surrey&date=2018-08;https://data.police.uk/api/stops-force?force=surrey&date=2018-08;235079;200;True;
247;job;requests;1566397284.472267;-1.4267985820770264;https://data.police.uk/api/stops-force?force=surrey&date=2018-09;https://data.police.uk/api/stops-force?force=surrey&date=2018-09;270148;200;True;
248;job;requests;1566397286.450269;-1.2897262573242188;https://data.police.uk/api/stops-force?force=sussex&date=2018-07;https://data.police.uk/api/stops-force?force=sussex&date=2018-07;280126;200;True;
249;job;requests;1566397288.2880204;-0.053659915924072266;https://data.police.uk/api/stops-force?force=sussex&date=2018-08;https://data.police.uk/api/stops-force?force=sussex&date=2018-08;407714;200;True;
250;job;requests;1566397288.9056277;-1.4570505619049072;https://data.police.uk/api/stops-force?force=sussex&date=2018-09;https://data.police.uk/api/stops-force?force=sussex&date=2018-09;313951;200;True;
251;job;requests;1566397290.9111276;-1.0315990447998047;https://data.police.uk/api/stops-force?force=thames-valley&date=2018-07;https://data.police.uk/api/stops-force?force=thames-valley&date=2018-07;296525;200;True;
252;job;requests;1566397292.4947178;-0.06760001182556152;https://data.police.uk/api/stops-force?force=thames-valley&date=2018-08;https://data.police.uk/api/stops-force?force=thames-valley&date=2018-08;430072;200;True;
253;job;requests;1566397293.139063;-0.06246495246887207;https://data.police.uk/api/stops-force?force=thames-valley&date=2018-09;https://data.police.uk/api/stops-force?force=thames-valley&date=2018-09;346985;200;True;
254;job;requests;1566397293.755712;-0.046744585037231445;https://data.police.uk/api/stops-force?force=warwickshire&date=2018-07;https://data.police.uk/api/stops-force?force=warwickshire&date=2018-07;107809;200;True;
255;job;requests;1566397294.341424;-0.5633833408355713;https://data.police.uk/api/stops-force?force=warwickshire&date=2018-08;https://data.police.uk/api/stops-force?force=warwickshire&date=2018-08;99668;200;True;
256;job;requests;1566397295.4438195;-0.046866416931152344;https://data.police.uk/api/stops-force?force=warwickshire&date=2018-09;https://data.police.uk/api/stops-force?force=warwickshire&date=2018-09;85890;200;True;
257;job;requests;1566397296.0071476;-0.05188274383544922;https://data.police.uk/api/stops-force?force=west-mercia&date=2018-07;https://data.police.uk/api/stops-force?force=west-mercia&date=2018-07;190730;200;True;
258;job;requests;1566397296.5989926;-0.05185747146606445;https://data.police.uk/api/stops-force?force=west-mercia&date=2018-08;https://data.police.uk/api/stops-force?force=west-mercia&date=2018-08;179799;200;True;
259;job;requests;1566397297.1868021;-0.05589699745178223;https://data.police.uk/api/stops-force?force=west-mercia&date=2018-09;https://data.police.uk/api/stops-force?force=west-mercia&date=2018-09;245891;200;True;
260;job;requests;1566397297.7857497;-0.06914830207824707;https://data.police.uk/api/stops-force?force=west-midlands&date=2018-07;https://data.police.uk/api/stops-force?force=west-midlands&date=2018-07;701419;200;True;
261;job;requests;1566397298.4342887;-0.12252020835876465;https://data.police.uk/api/stops-force?force=west-midlands&date=2018-08;https://data.police.uk/api/stops-force?force=west-midlands&date=2018-08;737232;200;True;
262;job;requests;1566397299.159379;-0.08456587791442871;https://data.police.uk/api/stops-force?force=west-midlands&date=2018-09;https://data.police.uk/api/stops-force?force=west-midlands&date=2018-09;799169;200;True;
263;job;requests;1566397299.8273447;-0.06865620613098145;https://data.police.uk/api/stops-force?force=west-yorkshire&date=2018-07;https://data.police.uk/api/stops-force?force=west-yorkshire&date=2018-07;469754;200;True;
264;job;requests;1566397300.4663377;-0.08450078964233398;https://data.police.uk/api/stops-force?force=west-yorkshire&date=2018-08;https://data.police.uk/api/stops-force?force=west-yorkshire&date=2018-08;534057;200;True;
265;job;requests;1566397301.1154387;-0.1382591724395752;https://data.police.uk/api/stops-force?force=west-yorkshire&date=2018-09;https://data.police.uk/api/stops-force?force=west-yorkshire&date=2018-09;482088;200;True;
266;job;requests;1566397301.834066;-0.12181353569030762;https://data.police.uk/api/stops-force?force=wiltshire&date=2018-07;https://data.police.uk/api/stops-force?force=wiltshire&date=2018-07;55186;200;True;
267;job;requests;1566397302.4726923;-0.04673957824707031;https://data.police.uk/api/stops-force?force=wiltshire&date=2018-08;https://data.police.uk/api/stops-force?force=wiltshire&date=2018-08;54246;200;True;
268;job;requests;1566397303.0527518;-0.03740286827087402;https://data.police.uk/api/stops-force?force=wiltshire&date=2018-09;https://data.police.uk/api/stops-force?force=wiltshire&date=2018-09;73115;200;True;
269;job;requests;1566397524.5975018;-0.24780511856079102;https://data.police.uk/api/forces;https://data.police.uk/api/forces;2258;200;True;